
-- 데이터 입력 --

-- 회원 정보
INSERT INTO user_tbl22 VALUES('ch11','5529','박초희','CH','hice5511@gmail.com','010-9404-5529',DEFAULT,DEFAULT,TO_TIMESTAMP('20221017124324.3','yyyymmddhh24missxff'));
INSERT INTO user_tbl22 VALUES('fourkimm','9692','김영현','꿍디누나','fourkimm@gmail.com','010-9695-9692',DEFAULT,DEFAULT,TO_TIMESTAMP('20221016124324.3','yyyymmddhh24missxff'));
INSERT INTO user_tbl22 VALUES('yooda','4763','유다현','유다','dahyunyoo@gmail.com','010-4737-4763',DEFAULT,DEFAULT,TO_TIMESTAMP('20221018124324.3','yyyymmddhh24missxff'));
INSERT INTO user_tbl22 VALUES('guabaaa','5287','조은진','구아바','gdandtop950923@gmail.com','010-5788-5287',DEFAULT,DEFAULT,TO_TIMESTAMP('20221019124324.3','yyyymmddhh24missxff'));
INSERT INTO user_tbl22 VALUES('aaaa','1234','김가가','a누나','aaaa@gmail.com','010-0000-0000',DEFAULT,DEFAULT,TO_TIMESTAMP('20221020124324.3','yyyymmddhh24missxff'));
INSERT INTO user_tbl22 VALUES('bbbb','1234','김나나','b누나','bbbb@gmail.com','010-1111-1111',DEFAULT,DEFAULT,TO_TIMESTAMP('20221021124324.3','yyyymmddhh24missxff'));
INSERT INTO user_tbl22 VALUES('cccc','1234','김다다','c누나','cccc@gmail.com','010-2222-2222',DEFAULT,DEFAULT,TO_TIMESTAMP('20221022124324.3','yyyymmddhh24missxff'));
INSERT INTO user_tbl22 VALUES('dddd','1234','이가가','d누나','dddd@gmail.com','010-3333-3333',DEFAULT,DEFAULT,TO_TIMESTAMP('20221023124324.3','yyyymmddhh24missxff'));
INSERT INTO user_tbl22 VALUES('eeee','1234','이나나','e누나','eeee@gmail.com','010-4444-4444',DEFAULT,DEFAULT,TO_TIMESTAMP('20221024124324.3','yyyymmddhh24missxff'));
INSERT INTO user_tbl22 VALUES('ffff','1234','이다다','f누나','ffff@gmail.com','010-5555-5555',DEFAULT,DEFAULT,TO_TIMESTAMP('20221025124324.3','yyyymmddhh24missxff'));
INSERT INTO user_tbl22 VALUES('gggg','1234','박가가','g누나','gggg@gmail.com','010-6666-6666',DEFAULT,DEFAULT,TO_TIMESTAMP('20221026124324.3','yyyymmddhh24missxff'));
INSERT INTO user_tbl22 VALUES('hhhh','1234','박다다','h누나','hhhh@gmail.com','010-7777-7777',DEFAULT,DEFAULT,TO_TIMESTAMP('20221027124324.3','yyyymmddhh24missxff'));
INSERT INTO user_tbl22 VALUES('iiii','1234','박나나','i누나','iiii@gmail.com','010-8888-8888',DEFAULT,DEFAULT,TO_TIMESTAMP('20221028124324.3','yyyymmddhh24missxff'));
INSERT INTO user_tbl22 VALUES('jjjj','1234','조나나','j누나','jjjj@gmail.com','010-9999-9999',DEFAULT,DEFAULT,TO_TIMESTAMP('20221029124324.3','yyyymmddhh24missxff'));
INSERT INTO user_tbl22 VALUES('kkkk','1234','조다다','k누나','kkkk@gmail.com','010-1010-1010',DEFAULT,DEFAULT,TO_TIMESTAMP('20221030124324.3','yyyymmddhh24missxff'));
INSERT INTO user_tbl22 VALUES('llll','1234','유나나','l누나','llll@gmail.com','010-1111-0011',DEFAULT,DEFAULT,TO_TIMESTAMP('20221101124324.3','yyyymmddhh24missxff'));
INSERT INTO user_tbl22 VALUES('mmmm','1234','유다다','m누나','mmmm@gmail.com','010-1212-1212',DEFAULT,DEFAULT,TO_TIMESTAMP('20221102124324.3','yyyymmddhh24missxff'));

-- 자치구 정보
INSERT INTO town_tbl22 VALUES (11010,'종로구');
INSERT INTO town_tbl22 VALUES (11020,'중구');
INSERT INTO town_tbl22 VALUES (11030,'용산구');
INSERT INTO town_tbl22 VALUES (11040,'성동구');
INSERT INTO town_tbl22 VALUES (11050,'광진구');
INSERT INTO town_tbl22 VALUES (11060,'동대문구');
INSERT INTO town_tbl22 VALUES (11070,'중랑구');
INSERT INTO town_tbl22 VALUES (11080,'성북구');
INSERT INTO town_tbl22 VALUES (11090,'강북구');
INSERT INTO town_tbl22 VALUES (11100,'도봉구');
INSERT INTO town_tbl22 VALUES (11110,'노원구');
INSERT INTO town_tbl22 VALUES (11120,'은평구');
INSERT INTO town_tbl22 VALUES (11130,'서대문구');
INSERT INTO town_tbl22 VALUES (11140,'마포구');
INSERT INTO town_tbl22 VALUES (11150,'양천구');
INSERT INTO town_tbl22 VALUES (11160,'강서구');
INSERT INTO town_tbl22 VALUES (11170,'구로구');
INSERT INTO town_tbl22 VALUES (11180,'금천구');
INSERT INTO town_tbl22 VALUES (11190,'영등포구');
INSERT INTO town_tbl22 VALUES (11200,'동작구');
INSERT INTO town_tbl22 VALUES (11210,'관악구');
INSERT INTO town_tbl22 VALUES (11220,'서초구');
INSERT INTO town_tbl22 VALUES (11230,'강남구');
INSERT INTO town_tbl22 VALUES (11240,'송파구');
INSERT INTO town_tbl22 VALUES (11250,'강동구');

-- 카테고리
INSERT INTO category_tbl22 VALUES('A1101','가구/인테리어');
INSERT INTO category_tbl22 VALUES('B1102','전자기기');
INSERT INTO category_tbl22 VALUES('C1103','의류');
INSERT INTO category_tbl22 VALUES('D1104','뷰티/미용');
INSERT INTO category_tbl22 VALUES('E1105','취미/게임/음반');
INSERT INTO category_tbl22 VALUES('F1106','반려동물용품');

-- 회원 동네 인증
INSERT INTO address_tbl22 VALUES(addr_sq.NEXTVAL,'fourkimm',11040,'37.56032727','126.9101232',TO_TIMESTAMP('20221018124324.345','yyyymmddhh24missxff'));
INSERT INTO address_tbl22 VALUES(addr_sq.NEXTVAL,'ch11',11040,'37.55799699','126.9210306',TO_TIMESTAMP('20221019124324.345','yyyymmddhh24missxff'));
INSERT INTO address_tbl22 VALUES(addr_sq.NEXTVAL,'yooda',11050,'37.54131902','127.0920817',TO_TIMESTAMP('20221020124324.345','yyyymmddhh24missxff'));
INSERT INTO address_tbl22 VALUES(addr_sq.NEXTVAL,'guabaaa',11050,'37.54120426','127.0889996',TO_TIMESTAMP('20221021124324.345','yyyymmddhh24missxff'));
INSERT INTO address_tbl22 VALUES(addr_sq.NEXTVAL,'aaaa',11130,'37.5370142','126.9939651',TO_TIMESTAMP('20221022124324.345','yyyymmddhh24missxff'));
INSERT INTO address_tbl22 VALUES(addr_sq.NEXTVAL,'bbbb',11130,'37.53590828','126.9951009',TO_TIMESTAMP('20221023124324.345','yyyymmddhh24missxff'));
INSERT INTO address_tbl22 VALUES(addr_sq.NEXTVAL,'cccc',11170,'37.49933621','126.8865255',TO_TIMESTAMP('20221024124324.345','yyyymmddhh24missxff'));
INSERT INTO address_tbl22 VALUES(addr_sq.NEXTVAL,'dddd',11170,'37.49796856','126.8885023',TO_TIMESTAMP('20221025124324.345','yyyymmddhh24missxff'));
INSERT INTO address_tbl22 VALUES(addr_sq.NEXTVAL,'eeee',11190,'37.52115084','126.908858',TO_TIMESTAMP('20221026124324.345','yyyymmddhh24missxff'));
INSERT INTO address_tbl22 VALUES(addr_sq.NEXTVAL,'ffff',11190,'37.52126181','126.9067312',TO_TIMESTAMP('20221027124324.345','yyyymmddhh24missxff'));
INSERT INTO address_tbl22 VALUES(addr_sq.NEXTVAL,'gggg',11210,'37.47689767','126.9554734',TO_TIMESTAMP('20221028124324.345','yyyymmddhh24missxff'));
INSERT INTO address_tbl22 VALUES(addr_sq.NEXTVAL,'hhhh',11210,'37.4755457','126.9543041',TO_TIMESTAMP('20221029124324.345','yyyymmddhh24missxff'));
INSERT INTO address_tbl22 VALUES(addr_sq.NEXTVAL,'iiii',11220,'37.49893345','127.0000382',TO_TIMESTAMP('20221030124324.345','yyyymmddhh24missxff'));
INSERT INTO address_tbl22 VALUES(addr_sq.NEXTVAL,'jjjj',11220,'37.49886136','127.0015323',TO_TIMESTAMP('20221101124324.345','yyyymmddhh24missxff'));
INSERT INTO address_tbl22 VALUES(addr_sq.NEXTVAL,'kkkk',11220,'37.49424014','127.0176053',TO_TIMESTAMP('20221102124324.345','yyyymmddhh24missxff'));
INSERT INTO address_tbl22 VALUES(addr_sq.NEXTVAL,'llll',11230,'37.49296949','127.0191089',TO_TIMESTAMP('20221103124324.345','yyyymmddhh24missxff'));
INSERT INTO address_tbl22 VALUES(addr_sq.NEXTVAL,'mmmm',11230,'37.4974572','127.0667772',TO_TIMESTAMP('20221104124324.345','yyyymmddhh24missxff'));

-- 판매글 데이터
INSERT INTO post_tbl22 VALUES(post_sq.NEXTVAL,'fourkimm','A1101',11040,'게이밍의자 팔아요',70000,'70000',TO_TIMESTAMP('20221025182039.333','yyyymmddhh24missxff'),NULL,'거래완료','/resources/images/post/post_img_01.jpeg');
INSERT INTO post_tbl22 VALUES(post_sq.NEXTVAL,'ch11','E1105',11040,'하울의 움직이는성 바이닐',50000,'50000',TO_TIMESTAMP('20221025182040.333','yyyymmddhh24missxff'),NULL,'거래완료','/resources/images/post/post_img_02.jpg');
INSERT INTO post_tbl22 VALUES(post_sq.NEXTVAL,'yooda','C1103',11050,'칼하트 뽀글이 후리스',120000,'120000',TO_TIMESTAMP('20221025182041.333','yyyymmddhh24missxff'),NULL,'거래완료','/resources/images/post/post_img_03.jpg');
INSERT INTO post_tbl22 VALUES(post_sq.NEXTVAL,'guabaaa','F1106',11050,'강아지 양모자',8000,'8000',TO_TIMESTAMP('20221025182039.333','yyyymmddhh24missxff'),NULL,'거래완료','/resources/images/post/post_img_04.jpg');
INSERT INTO post_tbl22 VALUES(post_sq.NEXTVAL,'aaaa','E1105',11130,'미키마우스 턴테이블',55000,'55000',TO_TIMESTAMP('20221025182040.333','yyyymmddhh24missxff'),NULL,'거래완료','/resources/images/post/post_img_05.jpg');
INSERT INTO post_tbl22 VALUES(post_sq.NEXTVAL,'bbbb','F1106',11130,'강아지 목도리',5000,'5000',TO_TIMESTAMP('20221025182041.333','yyyymmddhh24missxff'),NULL,'거래완료','/resources/images/post/post_img_06.jpg');
INSERT INTO post_tbl22 VALUES(post_sq.NEXTVAL,'cccc','C1103',11170,'가방 나눔해요',0,'0',TO_TIMESTAMP('20221025182039.333','yyyymmddhh24missxff'),NULL,'거래완료','/resources/images/post/post_img_07.jpeg');
INSERT INTO post_tbl22 VALUES(post_sq.NEXTVAL,'dddd','B1102',11170,'중고 아이폰 6S 로즈골드 팝니다',50000,'50000',TO_TIMESTAMP('20221025182040.333','yyyymmddhh24missxff'),NULL,'거래완료','/resources/images/post/post_img_08_1.png,/resources/images/post/post_img_08_2.png');
INSERT INTO post_tbl22 VALUES(post_sq.NEXTVAL,'eeee','D1104',11190,'한율 토너 나눔해요',0,'0',TO_TIMESTAMP('20221025182041.333','yyyymmddhh24missxff'),NULL,'거래완료','/resources/images/post/post_img_09.jpeg');
INSERT INTO post_tbl22 VALUES(post_sq.NEXTVAL,'ffff','F1106',11190,'강아지 목도리',5000,'5000',TO_TIMESTAMP('20221025182041.333','yyyymmddhh24missxff'),NULL,'거래완료','/resources/images/post/post_img_06.jpg');
INSERT INTO post_tbl22 VALUES(post_sq.NEXTVAL,'gggg','E1105',11210,'빈티지다꾸용스티커나눔',0,'0',TO_TIMESTAMP('20221026182040.333','yyyymmddhh24missxff'),NULL,'거래완료','/resources/images/post/post_img_11.jpeg');
INSERT INTO post_tbl22 VALUES(post_sq.NEXTVAL,'hhhh','A1101',11210,'게이밍의자 팔아요',70000,'70000',TO_TIMESTAMP('20221025182039.333','yyyymmddhh24missxff'),NULL,'거래완료','/resources/images/post/post_img_01.jpeg');
INSERT INTO post_tbl22 VALUES(post_sq.NEXTVAL,'iiii','B1102',11220,'갤럭시 버즈 라이브 팔아요',70000,'70000',TO_TIMESTAMP('20221026182039.333','yyyymmddhh24missxff'),NULL,'거래완료','/resources/images/post/post_img_13.png');
INSERT INTO post_tbl22 VALUES(post_sq.NEXTVAL,'jjjj','F1106',11220,'강아지 양모자',8000,'8000',TO_TIMESTAMP('20221025182039.333','yyyymmddhh24missxff'),NULL,'거래완료','/resources/images/post/post_img_04.jpg');
INSERT INTO post_tbl22 VALUES(post_sq.NEXTVAL,'kkkk','D1104',11220,'달바멀티밤 나눔합니다',0,'0',TO_TIMESTAMP('20221026182041.333','yyyymmddhh24missxff'),NULL,'거래완료','/resources/images/post/post_img_15.jpeg');
INSERT INTO post_tbl22 VALUES(post_sq.NEXTVAL,'llll','F1106',11230,'강아지 양모자',8000,'8000',TO_TIMESTAMP('20221025182039.333','yyyymmddhh24missxff'),NULL,'거래완료','/resources/images/post/post_img_04.jpg');
INSERT INTO post_tbl22 VALUES(post_sq.NEXTVAL,'mmmm','B1102',11230,'로지텍 마우스 중고',15000,'15000',TO_TIMESTAMP('20221026182040.333','yyyymmddhh24missxff'),NULL,'거래완료','/resources/images/post/post_img_17_1.png,/resources/images/post/post_img_17_2.png');
INSERT INTO post_tbl22 VALUES(post_sq.NEXTVAL,'fourkimm','C1103',11040,'여성 조끼 패딩',19000,'19000',TO_TIMESTAMP('20221026182041.333','yyyymmddhh24missxff'),NULL,'거래완료','/resources/images/post/post_img_18.png');
INSERT INTO post_tbl22 VALUES(post_sq.NEXTVAL,'ch11','B1102',11040,'정품 아이패드 팔아요',100000,'100000',TO_TIMESTAMP('20221026182039.333','yyyymmddhh24missxff'),NULL,'거래완료','/resources/images/post/post_img_19.png');
INSERT INTO post_tbl22 VALUES(post_sq.NEXTVAL,'yooda','B1102',11170,'중고 아이폰 6S 로즈골드 팝니다',50000,'50000',TO_TIMESTAMP('20221025182040.333','yyyymmddhh24missxff'),NULL,'거래완료','/resources/images/post/post_img_08_1.png,/resources/images/post/post_img_08_2.png');
INSERT INTO post_tbl22 VALUES(post_sq.NEXTVAL,'guabaaa','A1101',11040,'게이밍의자 팔아요',70000,'70000',TO_TIMESTAMP('20221025182039.333','yyyymmddhh24missxff'),NULL,'거래완료','/resources/images/post/post_img_01.jpeg');
INSERT INTO post_tbl22 VALUES(post_sq.NEXTVAL,'aaaa','E1105',11040,'하울의 움직이는성 바이닐',50000,'50000',TO_TIMESTAMP('20221025182040.333','yyyymmddhh24missxff'),NULL,'거래완료','/resources/images/post/post_img_02.jpg');
INSERT INTO post_tbl22 VALUES(post_sq.NEXTVAL,'bbbb','C1103',11050,'칼하트 뽀글이 후리스',120000,'120000',TO_TIMESTAMP('20221025182041.333','yyyymmddhh24missxff'),NULL,'거래완료','/resources/images/post/post_img_03.jpg');
INSERT INTO post_tbl22 VALUES(post_sq.NEXTVAL,'cccc','F1106',11050,'강아지 양모자',8000,'8000',TO_TIMESTAMP('20221025182039.333','yyyymmddhh24missxff'),NULL,'거래완료','/resources/images/post/post_img_04.jpg');
INSERT INTO post_tbl22 VALUES(post_sq.NEXTVAL,'dddd','E1105',11130,'미키마우스 턴테이블',55000,'55000',TO_TIMESTAMP('20221025182040.333','yyyymmddhh24missxff'),NULL,'거래완료','/resources/images/post/post_img_05.jpg');
INSERT INTO post_tbl22 VALUES(post_sq.NEXTVAL,'eeee','F1106',11130,'강아지 목도리',5000,'5000',TO_TIMESTAMP('20221025182041.333','yyyymmddhh24missxff'),NULL,'거래완료','/resources/images/post/post_img_06.jpg');
INSERT INTO post_tbl22 VALUES(post_sq.NEXTVAL,'ffff','C1103',11170,'가방 나눔해요',0,'0',TO_TIMESTAMP('20221025182039.333','yyyymmddhh24missxff'),NULL,'거래완료','/resources/images/post/post_img_07.jpeg');
INSERT INTO post_tbl22 VALUES(post_sq.NEXTVAL,'gggg','B1102',11170,'중고 아이폰 6S 로즈골드 팝니다',50000,'50000',TO_TIMESTAMP('20221025182040.333','yyyymmddhh24missxff'),NULL,'거래완료','/resources/images/post/post_img_08_1.png,/resources/images/post/post_img_08_2.png');
INSERT INTO post_tbl22 VALUES(post_sq.NEXTVAL,'hhhh','D1104',11190,'한율 토너 나눔해요',0,'0',TO_TIMESTAMP('20221025182041.333','yyyymmddhh24missxff'),NULL,'거래완료','/resources/images/post/post_img_09.jpeg');
INSERT INTO post_tbl22 VALUES(post_sq.NEXTVAL,'iiii','F1106',11190,'강아지 목도리',5000,'5000',TO_TIMESTAMP('20221025182041.333','yyyymmddhh24missxff'),NULL,'거래완료','/resources/images/post/post_img_06.jpg');
INSERT INTO post_tbl22 VALUES(post_sq.NEXTVAL,'jjjj','E1105',11210,'빈티지다꾸용스티커나눔',0,'0',TO_TIMESTAMP('20221026182040.333','yyyymmddhh24missxff'),NULL,'거래완료','/resources/images/post/post_img_11.jpeg');
INSERT INTO post_tbl22 VALUES(post_sq.NEXTVAL,'kkkk','A1101',11210,'게이밍의자 팔아요',70000,'70000',TO_TIMESTAMP('20221025182039.333','yyyymmddhh24missxff'),NULL,'거래완료','/resources/images/post/post_img_01.jpeg');
INSERT INTO post_tbl22 VALUES(post_sq.NEXTVAL,'llll','B1102',11220,'갤럭시 버즈 라이브 팔아요',70000,'70000',TO_TIMESTAMP('20221026182039.333','yyyymmddhh24missxff'),NULL,'거래완료','/resources/images/post/post_img_13.png');
INSERT INTO post_tbl22 VALUES(post_sq.NEXTVAL,'mmmm','F1106',11220,'강아지 양모자',8000,'8000',TO_TIMESTAMP('20221025182039.333','yyyymmddhh24missxff'),NULL,'거래완료','/resources/images/post/post_img_04.jpg');
INSERT INTO post_tbl22 VALUES(post_sq.NEXTVAL,'fourkimm','D1104',11220,'달바멀티밤 나눔합니다',0,'0',TO_TIMESTAMP('20221026182041.333','yyyymmddhh24missxff'),NULL,'거래완료','/resources/images/post/post_img_15.jpeg');
INSERT INTO post_tbl22 VALUES(post_sq.NEXTVAL,'ch11','F1106',11230,'강아지 양모자',8000,'8000',TO_TIMESTAMP('20221025182039.333','yyyymmddhh24missxff'),NULL,'거래완료','/resources/images/post/post_img_04.jpg');
INSERT INTO post_tbl22 VALUES(post_sq.NEXTVAL,'yooda','B1102',11230,'로지텍 마우스 중고',15000,'15000',TO_TIMESTAMP('20221026182040.333','yyyymmddhh24missxff'),NULL,'거래완료','/resources/images/post/post_img_17_1.png,/resources/images/post/post_img_17_2.png');
INSERT INTO post_tbl22 VALUES(post_sq.NEXTVAL,'guabaaa','C1103',11040,'여성 조끼 패딩',19000,'19000',TO_TIMESTAMP('20221026182041.333','yyyymmddhh24missxff'),NULL,'거래완료','/resources/images/post/post_img_18.png');
INSERT INTO post_tbl22 VALUES(post_sq.NEXTVAL,'aaaa','B1102',11040,'정품 아이패드 팔아요',100000,'100000',TO_TIMESTAMP('20221026182039.333','yyyymmddhh24missxff'),NULL,'거래완료','/resources/images/post/post_img_19.png');
INSERT INTO post_tbl22 VALUES(post_sq.NEXTVAL,'bbbb','B1102',11170,'중고 아이폰 6S 로즈골드 팝니다',50000,'50000',TO_TIMESTAMP('20221025182040.333','yyyymmddhh24missxff'),NULL,'거래완료','/resources/images/post/post_img_08_1.png,/resources/images/post/post_img_08_2.png');
INSERT INTO post_tbl22 VALUES(post_sq.NEXTVAL,'cccc','A1101',11040,'게이밍의자 팔아요',70000,'70000',TO_TIMESTAMP('20221025182039.333','yyyymmddhh24missxff'),NULL,'거래완료','/resources/images/post/post_img_01.jpeg');
INSERT INTO post_tbl22 VALUES(post_sq.NEXTVAL,'dddd','E1105',11040,'하울의 움직이는성 바이닐',50000,'50000',TO_TIMESTAMP('20221025182040.333','yyyymmddhh24missxff'),NULL,'거래완료','/resources/images/post/post_img_02.jpg');
INSERT INTO post_tbl22 VALUES(post_sq.NEXTVAL,'eeee','C1103',11050,'칼하트 뽀글이 후리스',120000,'120000',TO_TIMESTAMP('20221025182041.333','yyyymmddhh24missxff'),NULL,'거래완료','/resources/images/post/post_img_03.jpg');
INSERT INTO post_tbl22 VALUES(post_sq.NEXTVAL,'ffff','F1106',11050,'강아지 양모자',8000,'8000',TO_TIMESTAMP('20221025182039.333','yyyymmddhh24missxff'),NULL,'거래완료','/resources/images/post/post_img_04.jpg');
INSERT INTO post_tbl22 VALUES(post_sq.NEXTVAL,'gggg','E1105',11130,'미키마우스 턴테이블',55000,'55000',TO_TIMESTAMP('20221025182040.333','yyyymmddhh24missxff'),NULL,'거래완료','/resources/images/post/post_img_05.jpg');
INSERT INTO post_tbl22 VALUES(post_sq.NEXTVAL,'hhhh','F1106',11130,'강아지 목도리',5000,'5000',TO_TIMESTAMP('20221025182041.333','yyyymmddhh24missxff'),NULL,'거래완료','/resources/images/post/post_img_06.jpg');
INSERT INTO post_tbl22 VALUES(post_sq.NEXTVAL,'iiii','C1103',11170,'가방 나눔해요',0,'0',TO_TIMESTAMP('20221025182039.333','yyyymmddhh24missxff'),NULL,'거래완료','/resources/images/post/post_img_07.jpeg');
INSERT INTO post_tbl22 VALUES(post_sq.NEXTVAL,'jjjj','B1102',11170,'중고 아이폰 6S 로즈골드 팝니다',50000,'50000',TO_TIMESTAMP('20221025182040.333','yyyymmddhh24missxff'),NULL,'거래완료','/resources/images/post/post_img_08_1.png,/resources/images/post/post_img_08_2.png');
INSERT INTO post_tbl22 VALUES(post_sq.NEXTVAL,'kkkk','D1104',11190,'한율 토너 나눔해요',0,'0',TO_TIMESTAMP('20221025182041.333','yyyymmddhh24missxff'),NULL,'거래완료','/resources/images/post/post_img_09.jpeg');
INSERT INTO post_tbl22 VALUES(post_sq.NEXTVAL,'llll','F1106',11190,'강아지 목도리',5000,'5000',TO_TIMESTAMP('20221025182041.333','yyyymmddhh24missxff'),NULL,'거래완료','/resources/images/post/post_img_06.jpg');
INSERT INTO post_tbl22 VALUES(post_sq.NEXTVAL,'mmmm','E1105',11210,'빈티지다꾸용스티커나눔',0,'0',TO_TIMESTAMP('20221026182040.333','yyyymmddhh24missxff'),NULL,'거래완료','/resources/images/post/post_img_11.jpeg');
INSERT INTO post_tbl22 VALUES(post_sq.NEXTVAL,'fourkimm','A1101',11210,'게이밍의자 팔아요',70000,'70000',TO_TIMESTAMP('20221025182039.333','yyyymmddhh24missxff'),NULL,'거래완료','/resources/images/post/post_img_01.jpeg');
INSERT INTO post_tbl22 VALUES(post_sq.NEXTVAL,'ch11','B1102',11220,'갤럭시 버즈 라이브 팔아요',70000,'70000',TO_TIMESTAMP('20221026182039.333','yyyymmddhh24missxff'),NULL,'거래완료','/resources/images/post/post_img_13.png');
INSERT INTO post_tbl22 VALUES(post_sq.NEXTVAL,'yooda','F1106',11220,'강아지 양모자',8000,'8000',TO_TIMESTAMP('20221025182039.333','yyyymmddhh24missxff'),NULL,'거래완료','/resources/images/post/post_img_04.jpg');
INSERT INTO post_tbl22 VALUES(post_sq.NEXTVAL,'guabaaa','D1104',11220,'달바멀티밤 나눔합니다',0,'0',TO_TIMESTAMP('20221026182041.333','yyyymmddhh24missxff'),NULL,'거래완료','/resources/images/post/post_img_15.jpeg');
INSERT INTO post_tbl22 VALUES(post_sq.NEXTVAL,'aaaa','F1106',11230,'강아지 양모자',8000,'8000',TO_TIMESTAMP('20221025182039.333','yyyymmddhh24missxff'),NULL,'거래완료','/resources/images/post/post_img_04.jpg');
INSERT INTO post_tbl22 VALUES(post_sq.NEXTVAL,'bbbb','B1102',11230,'로지텍 마우스 중고',15000,'15000',TO_TIMESTAMP('20221026182040.333','yyyymmddhh24missxff'),NULL,'거래완료','/resources/images/post/post_img_17_1.png,/resources/images/post/post_img_17_2.png');
INSERT INTO post_tbl22 VALUES(post_sq.NEXTVAL,'cccc','C1103',11040,'여성 조끼 패딩',19000,'19000',TO_TIMESTAMP('20221026182041.333','yyyymmddhh24missxff'),NULL,'거래완료','/resources/images/post/post_img_18.png');
INSERT INTO post_tbl22 VALUES(post_sq.NEXTVAL,'dddd','B1102',11040,'정품 아이패드 팔아요',100000,'100000',TO_TIMESTAMP('20221026182039.333','yyyymmddhh24missxff'),NULL,'거래완료','/resources/images/post/post_img_19.png');
INSERT INTO post_tbl22 VALUES(post_sq.NEXTVAL,'eeee','B1102',11170,'중고 아이폰 6S 로즈골드 팝니다',50000,'50000',TO_TIMESTAMP('20221025182040.333','yyyymmddhh24missxff'),NULL,'거래완료','/resources/images/post/post_img_08_1.png,/resources/images/post/post_img_08_2.png');
INSERT INTO post_tbl22 VALUES(post_sq.NEXTVAL,'ffff','A1101',11040,'게이밍의자 팔아요',70000,'70000',TO_TIMESTAMP('20221025182039.333','yyyymmddhh24missxff'),NULL,'거래완료','/resources/images/post/post_img_01.jpeg');
INSERT INTO post_tbl22 VALUES(post_sq.NEXTVAL,'gggg','E1105',11040,'하울의 움직이는성 바이닐',50000,'50000',TO_TIMESTAMP('20221025182040.333','yyyymmddhh24missxff'),NULL,'거래완료','/resources/images/post/post_img_02.jpg');
INSERT INTO post_tbl22 VALUES(post_sq.NEXTVAL,'hhhh','C1103',11050,'칼하트 뽀글이 후리스',120000,'120000',TO_TIMESTAMP('20221025182041.333','yyyymmddhh24missxff'),NULL,'거래완료','/resources/images/post/post_img_03.jpg');
INSERT INTO post_tbl22 VALUES(post_sq.NEXTVAL,'iiii','F1106',11050,'강아지 양모자',8000,'8000',TO_TIMESTAMP('20221025182039.333','yyyymmddhh24missxff'),NULL,'거래완료','/resources/images/post/post_img_04.jpg');
INSERT INTO post_tbl22 VALUES(post_sq.NEXTVAL,'jjjj','E1105',11130,'미키마우스 턴테이블',55000,'55000',TO_TIMESTAMP('20221025182040.333','yyyymmddhh24missxff'),NULL,'거래완료','/resources/images/post/post_img_05.jpg');
INSERT INTO post_tbl22 VALUES(post_sq.NEXTVAL,'kkkk','F1106',11130,'강아지 목도리',5000,'5000',TO_TIMESTAMP('20221025182041.333','yyyymmddhh24missxff'),NULL,'거래완료','/resources/images/post/post_img_06.jpg');
INSERT INTO post_tbl22 VALUES(post_sq.NEXTVAL,'llll','C1103',11170,'가방 나눔해요',0,'0',TO_TIMESTAMP('20221025182039.333','yyyymmddhh24missxff'),NULL,'거래완료','/resources/images/post/post_img_07.jpeg');
INSERT INTO post_tbl22 VALUES(post_sq.NEXTVAL,'mmmm','B1102',11170,'중고 아이폰 6S 로즈골드 팝니다',50000,'50000',TO_TIMESTAMP('20221025182040.333','yyyymmddhh24missxff'),NULL,'거래완료','/resources/images/post/post_img_08_1.png,/resources/images/post/post_img_08_2.png');
INSERT INTO post_tbl22 VALUES(post_sq.NEXTVAL,'fourkimm','D1104',11190,'한율 토너 나눔해요',0,'0',TO_TIMESTAMP('20221025182041.333','yyyymmddhh24missxff'),NULL,'거래완료','/resources/images/post/post_img_09.jpeg');
INSERT INTO post_tbl22 VALUES(post_sq.NEXTVAL,'ch11','F1106',11190,'강아지 목도리',5000,'5000',TO_TIMESTAMP('20221025182041.333','yyyymmddhh24missxff'),NULL,'거래완료','/resources/images/post/post_img_06.jpg');
INSERT INTO post_tbl22 VALUES(post_sq.NEXTVAL,'yooda','E1105',11210,'빈티지다꾸용스티커나눔',0,'0',TO_TIMESTAMP('20221026182040.333','yyyymmddhh24missxff'),NULL,'거래완료','/resources/images/post/post_img_11.jpeg');
INSERT INTO post_tbl22 VALUES(post_sq.NEXTVAL,'guabaaa','A1101',11210,'게이밍의자 팔아요',70000,'70000',TO_TIMESTAMP('20221025182039.333','yyyymmddhh24missxff'),NULL,'거래완료','/resources/images/post/post_img_01.jpeg');
INSERT INTO post_tbl22 VALUES(post_sq.NEXTVAL,'aaaa','B1102',11220,'갤럭시 버즈 라이브 팔아요',70000,'70000',TO_TIMESTAMP('20221026182039.333','yyyymmddhh24missxff'),NULL,'거래완료','/resources/images/post/post_img_13.png');
INSERT INTO post_tbl22 VALUES(post_sq.NEXTVAL,'bbbb','F1106',11220,'강아지 양모자',8000,'8000',TO_TIMESTAMP('20221025182039.333','yyyymmddhh24missxff'),NULL,'거래완료','/resources/images/post/post_img_04.jpg');
INSERT INTO post_tbl22 VALUES(post_sq.NEXTVAL,'cccc','D1104',11220,'달바멀티밤 나눔합니다',0,'0',TO_TIMESTAMP('20221026182041.333','yyyymmddhh24missxff'),NULL,'거래완료','/resources/images/post/post_img_15.jpeg');
INSERT INTO post_tbl22 VALUES(post_sq.NEXTVAL,'dddd','F1106',11230,'강아지 양모자',8000,'8000',TO_TIMESTAMP('20221025182039.333','yyyymmddhh24missxff'),NULL,'거래완료','/resources/images/post/post_img_04.jpg');
INSERT INTO post_tbl22 VALUES(post_sq.NEXTVAL,'eeee','B1102',11230,'로지텍 마우스 중고',15000,'15000',TO_TIMESTAMP('20221026182040.333','yyyymmddhh24missxff'),NULL,'거래완료','/resources/images/post/post_img_17_1.png,/resources/images/post/post_img_17_2.png');
INSERT INTO post_tbl22 VALUES(post_sq.NEXTVAL,'ffff','C1103',11040,'여성 조끼 패딩',19000,'19000',TO_TIMESTAMP('20221026182041.333','yyyymmddhh24missxff'),NULL,'거래완료','/resources/images/post/post_img_18.png');
INSERT INTO post_tbl22 VALUES(post_sq.NEXTVAL,'gggg','B1102',11040,'정품 아이패드 팔아요',100000,'100000',TO_TIMESTAMP('20221026182039.333','yyyymmddhh24missxff'),NULL,'거래완료','/resources/images/post/post_img_19.png');
INSERT INTO post_tbl22 VALUES(post_sq.NEXTVAL,'hhhh','B1102',11170,'중고 아이폰 6S 로즈골드 팝니다',50000,'50000',TO_TIMESTAMP('20221025182040.333','yyyymmddhh24missxff'),NULL,'거래완료','/resources/images/post/post_img_08_1.png,/resources/images/post/post_img_08_2.png');
INSERT INTO post_tbl22 VALUES(post_sq.NEXTVAL,'iiii','A1101',11040,'게이밍의자 팔아요',70000,'70000',TO_TIMESTAMP('20221025182039.333','yyyymmddhh24missxff'),NULL,'거래완료','/resources/images/post/post_img_01.jpeg');
INSERT INTO post_tbl22 VALUES(post_sq.NEXTVAL,'jjjj','E1105',11040,'하울의 움직이는성 바이닐',50000,'50000',TO_TIMESTAMP('20221025182040.333','yyyymmddhh24missxff'),NULL,'거래완료','/resources/images/post/post_img_02.jpg');
INSERT INTO post_tbl22 VALUES(post_sq.NEXTVAL,'kkkk','C1103',11050,'칼하트 뽀글이 후리스',120000,'120000',TO_TIMESTAMP('20221025182041.333','yyyymmddhh24missxff'),NULL,'거래완료','/resources/images/post/post_img_03.jpg');
INSERT INTO post_tbl22 VALUES(post_sq.NEXTVAL,'llll','F1106',11050,'강아지 양모자',8000,'8000',TO_TIMESTAMP('20221025182039.333','yyyymmddhh24missxff'),NULL,'거래완료','/resources/images/post/post_img_04.jpg');
INSERT INTO post_tbl22 VALUES(post_sq.NEXTVAL,'mmmm','E1105',11130,'미키마우스 턴테이블',55000,'55000',TO_TIMESTAMP('20221025182040.333','yyyymmddhh24missxff'),NULL,'거래완료','/resources/images/post/post_img_05.jpg');
INSERT INTO post_tbl22 VALUES(post_sq.NEXTVAL,'fourkimm','F1106',11130,'강아지 목도리',5000,'5000',TO_TIMESTAMP('20221025182041.333','yyyymmddhh24missxff'),NULL,'거래완료','/resources/images/post/post_img_06.jpg');
INSERT INTO post_tbl22 VALUES(post_sq.NEXTVAL,'ch11','C1103',11170,'가방 나눔해요',0,'0',TO_TIMESTAMP('20221025182039.333','yyyymmddhh24missxff'),NULL,'거래완료','/resources/images/post/post_img_07.jpeg');
INSERT INTO post_tbl22 VALUES(post_sq.NEXTVAL,'yooda','B1102',11170,'중고 아이폰 6S 로즈골드 팝니다',50000,'50000',TO_TIMESTAMP('20221025182040.333','yyyymmddhh24missxff'),NULL,'거래완료','/resources/images/post/post_img_08_1.png,/resources/images/post/post_img_08_2.png');
INSERT INTO post_tbl22 VALUES(post_sq.NEXTVAL,'guabaaa','D1104',11190,'한율 토너 나눔해요',0,'0',TO_TIMESTAMP('20221025182041.333','yyyymmddhh24missxff'),NULL,'거래완료','/resources/images/post/post_img_09.jpeg');
INSERT INTO post_tbl22 VALUES(post_sq.NEXTVAL,'aaaa','F1106',11190,'강아지 목도리',5000,'5000',TO_TIMESTAMP('20221025182041.333','yyyymmddhh24missxff'),NULL,'거래완료','/resources/images/post/post_img_06.jpg');
INSERT INTO post_tbl22 VALUES(post_sq.NEXTVAL,'bbbb','E1105',11210,'빈티지다꾸용스티커나눔',0,'0',TO_TIMESTAMP('20221026182040.333','yyyymmddhh24missxff'),NULL,'거래완료','/resources/images/post/post_img_11.jpeg');
INSERT INTO post_tbl22 VALUES(post_sq.NEXTVAL,'cccc','A1101',11210,'게이밍의자 팔아요',70000,'70000',TO_TIMESTAMP('20221025182039.333','yyyymmddhh24missxff'),NULL,'거래완료','/resources/images/post/post_img_01.jpeg');
INSERT INTO post_tbl22 VALUES(post_sq.NEXTVAL,'dddd','B1102',11220,'갤럭시 버즈 라이브 팔아요',70000,'70000',TO_TIMESTAMP('20221026182039.333','yyyymmddhh24missxff'),NULL,'거래완료','/resources/images/post/post_img_13.png');
INSERT INTO post_tbl22 VALUES(post_sq.NEXTVAL,'eeee','F1106',11220,'강아지 양모자',8000,'8000',TO_TIMESTAMP('20221025182039.333','yyyymmddhh24missxff'),NULL,'거래완료','/resources/images/post/post_img_04.jpg');
INSERT INTO post_tbl22 VALUES(post_sq.NEXTVAL,'ffff','D1104',11220,'달바멀티밤 나눔합니다',0,'0',TO_TIMESTAMP('20221026182041.333','yyyymmddhh24missxff'),NULL,'거래완료','/resources/images/post/post_img_15.jpeg');
INSERT INTO post_tbl22 VALUES(post_sq.NEXTVAL,'gggg','F1106',11230,'강아지 양모자',8000,'8000',TO_TIMESTAMP('20221025182039.333','yyyymmddhh24missxff'),NULL,'거래완료','/resources/images/post/post_img_04.jpg');
INSERT INTO post_tbl22 VALUES(post_sq.NEXTVAL,'hhhh','B1102',11230,'로지텍 마우스 중고',15000,'15000',TO_TIMESTAMP('20221026182040.333','yyyymmddhh24missxff'),NULL,'거래완료','/resources/images/post/post_img_17_1.png,/resources/images/post/post_img_17_2.png');
INSERT INTO post_tbl22 VALUES(post_sq.NEXTVAL,'iiii','C1103',11040,'여성 조끼 패딩',19000,'19000',TO_TIMESTAMP('20221026182041.333','yyyymmddhh24missxff'),NULL,'거래완료','/resources/images/post/post_img_18.png');
INSERT INTO post_tbl22 VALUES(post_sq.NEXTVAL,'jjjj','B1102',11040,'정품 아이패드 팔아요',100000,'100000',TO_TIMESTAMP('20221026182039.333','yyyymmddhh24missxff'),NULL,'거래완료','/resources/images/post/post_img_19.png');
INSERT INTO post_tbl22 VALUES(post_sq.NEXTVAL,'kkkk','B1102',11170,'중고 아이폰 6S 로즈골드 팝니다',50000,'50000',TO_TIMESTAMP('20221025182040.333','yyyymmddhh24missxff'),NULL,'거래완료','/resources/images/post/post_img_08_1.png,/resources/images/post/post_img_08_2.png');
INSERT INTO post_tbl22 VALUES(post_sq.NEXTVAL,'llll','A1101',11040,'게이밍의자 팔아요',70000,'70000',TO_TIMESTAMP('20221025182039.333','yyyymmddhh24missxff'),NULL,'거래완료','/resources/images/post/post_img_01.jpeg');
INSERT INTO post_tbl22 VALUES(post_sq.NEXTVAL,'mmmm','E1105',11040,'하울의 움직이는성 바이닐',50000,'50000',TO_TIMESTAMP('20221025182040.333','yyyymmddhh24missxff'),NULL,'거래완료','/resources/images/post/post_img_02.jpg');
INSERT INTO post_tbl22 VALUES(post_sq.NEXTVAL,'fourkimm','C1103',11050,'칼하트 뽀글이 후리스',120000,'120000',TO_TIMESTAMP('20221025182041.333','yyyymmddhh24missxff'),NULL,'거래완료','/resources/images/post/post_img_03.jpg');
INSERT INTO post_tbl22 VALUES(post_sq.NEXTVAL,'ch11','F1106',11050,'강아지 양모자',8000,'8000',TO_TIMESTAMP('20221025182039.333','yyyymmddhh24missxff'),NULL,'거래완료','/resources/images/post/post_img_04.jpg');
INSERT INTO post_tbl22 VALUES(post_sq.NEXTVAL,'yooda','E1105',11130,'미키마우스 턴테이블',55000,'55000',TO_TIMESTAMP('20221025182040.333','yyyymmddhh24missxff'),NULL,'거래완료','/resources/images/post/post_img_05.jpg');
INSERT INTO post_tbl22 VALUES(post_sq.NEXTVAL,'guabaaa','F1106',11130,'강아지 목도리',5000,'5000',TO_TIMESTAMP('20221025182041.333','yyyymmddhh24missxff'),NULL,'거래완료','/resources/images/post/post_img_06.jpg');
INSERT INTO post_tbl22 VALUES(post_sq.NEXTVAL,'aaaa','C1103',11170,'가방 나눔해요',0,'0',TO_TIMESTAMP('20221025182039.333','yyyymmddhh24missxff'),NULL,'거래완료','/resources/images/post/post_img_07.jpeg');
INSERT INTO post_tbl22 VALUES(post_sq.NEXTVAL,'bbbb','B1102',11170,'중고 아이폰 6S 로즈골드 팝니다',50000,'50000',TO_TIMESTAMP('20221025182040.333','yyyymmddhh24missxff'),NULL,'거래완료','/resources/images/post/post_img_08_1.png,/resources/images/post/post_img_08_2.png');
INSERT INTO post_tbl22 VALUES(post_sq.NEXTVAL,'cccc','D1104',11190,'한율 토너 나눔해요',0,'0',TO_TIMESTAMP('20221025182041.333','yyyymmddhh24missxff'),NULL,'거래완료','/resources/images/post/post_img_09.jpeg');
INSERT INTO post_tbl22 VALUES(post_sq.NEXTVAL,'dddd','F1106',11190,'강아지 목도리',5000,'5000',TO_TIMESTAMP('20221025182041.333','yyyymmddhh24missxff'),NULL,'거래완료','/resources/images/post/post_img_06.jpg');
INSERT INTO post_tbl22 VALUES(post_sq.NEXTVAL,'eeee','E1105',11210,'빈티지다꾸용스티커나눔',0,'0',TO_TIMESTAMP('20221026182040.333','yyyymmddhh24missxff'),NULL,'거래완료','/resources/images/post/post_img_11.jpeg');
INSERT INTO post_tbl22 VALUES(post_sq.NEXTVAL,'ffff','A1101',11210,'게이밍의자 팔아요',70000,'70000',TO_TIMESTAMP('20221025182039.333','yyyymmddhh24missxff'),NULL,'거래완료','/resources/images/post/post_img_01.jpeg');
INSERT INTO post_tbl22 VALUES(post_sq.NEXTVAL,'gggg','B1102',11220,'갤럭시 버즈 라이브 팔아요',70000,'70000',TO_TIMESTAMP('20221026182039.333','yyyymmddhh24missxff'),NULL,'거래완료','/resources/images/post/post_img_13.png');
INSERT INTO post_tbl22 VALUES(post_sq.NEXTVAL,'hhhh','F1106',11220,'강아지 양모자',8000,'8000',TO_TIMESTAMP('20221025182039.333','yyyymmddhh24missxff'),NULL,'거래완료','/resources/images/post/post_img_04.jpg');
INSERT INTO post_tbl22 VALUES(post_sq.NEXTVAL,'iiii','D1104',11220,'달바멀티밤 나눔합니다',0,'0',TO_TIMESTAMP('20221026182041.333','yyyymmddhh24missxff'),NULL,'거래완료','/resources/images/post/post_img_15.jpeg');
INSERT INTO post_tbl22 VALUES(post_sq.NEXTVAL,'jjjj','F1106',11230,'강아지 양모자',8000,'8000',TO_TIMESTAMP('20221025182039.333','yyyymmddhh24missxff'),NULL,'거래완료','/resources/images/post/post_img_04.jpg');
INSERT INTO post_tbl22 VALUES(post_sq.NEXTVAL,'kkkk','B1102',11230,'로지텍 마우스 중고',15000,'15000',TO_TIMESTAMP('20221026182040.333','yyyymmddhh24missxff'),NULL,'거래완료','/resources/images/post/post_img_17_1.png,/resources/images/post/post_img_17_2.png');
INSERT INTO post_tbl22 VALUES(post_sq.NEXTVAL,'llll','C1103',11040,'여성 조끼 패딩',19000,'19000',TO_TIMESTAMP('20221026182041.333','yyyymmddhh24missxff'),NULL,'거래완료','/resources/images/post/post_img_18.png');
INSERT INTO post_tbl22 VALUES(post_sq.NEXTVAL,'mmmm','B1102',11040,'정품 아이패드 팔아요',100000,'100000',TO_TIMESTAMP('20221026182039.333','yyyymmddhh24missxff'),NULL,'거래완료','/resources/images/post/post_img_19.png');
INSERT INTO post_tbl22 VALUES(post_sq.NEXTVAL,'fourkimm','B1102',11170,'중고 아이폰 6S 로즈골드 팝니다',50000,'50000',TO_TIMESTAMP('20221025182040.333','yyyymmddhh24missxff'),NULL,'거래완료','/resources/images/post/post_img_08_1.png,/resources/images/post/post_img_08_2.png');
INSERT INTO post_tbl22 VALUES(post_sq.NEXTVAL,'ch11','A1101',11040,'게이밍의자 팔아요',70000,'70000',TO_TIMESTAMP('20221025182039.333','yyyymmddhh24missxff'),NULL,'거래완료','/resources/images/post/post_img_01.jpeg');
INSERT INTO post_tbl22 VALUES(post_sq.NEXTVAL,'yooda','E1105',11040,'하울의 움직이는성 바이닐',50000,'50000',TO_TIMESTAMP('20221025182040.333','yyyymmddhh24missxff'),NULL,'거래완료','/resources/images/post/post_img_02.jpg');
INSERT INTO post_tbl22 VALUES(post_sq.NEXTVAL,'guabaaa','C1103',11050,'칼하트 뽀글이 후리스',120000,'120000',TO_TIMESTAMP('20221025182041.333','yyyymmddhh24missxff'),NULL,'거래완료','/resources/images/post/post_img_03.jpg');
INSERT INTO post_tbl22 VALUES(post_sq.NEXTVAL,'aaaa','F1106',11050,'강아지 양모자',8000,'8000',TO_TIMESTAMP('20221025182039.333','yyyymmddhh24missxff'),NULL,'거래완료','/resources/images/post/post_img_04.jpg');
INSERT INTO post_tbl22 VALUES(post_sq.NEXTVAL,'bbbb','E1105',11130,'미키마우스 턴테이블',55000,'55000',TO_TIMESTAMP('20221025182040.333','yyyymmddhh24missxff'),NULL,'거래완료','/resources/images/post/post_img_05.jpg');
INSERT INTO post_tbl22 VALUES(post_sq.NEXTVAL,'cccc','F1106',11130,'강아지 목도리',5000,'5000',TO_TIMESTAMP('20221025182041.333','yyyymmddhh24missxff'),NULL,'거래완료','/resources/images/post/post_img_06.jpg');
INSERT INTO post_tbl22 VALUES(post_sq.NEXTVAL,'dddd','C1103',11170,'가방 나눔해요',0,'0',TO_TIMESTAMP('20221025182039.333','yyyymmddhh24missxff'),NULL,'거래완료','/resources/images/post/post_img_07.jpeg');
INSERT INTO post_tbl22 VALUES(post_sq.NEXTVAL,'eeee','B1102',11170,'중고 아이폰 6S 로즈골드 팝니다',50000,'50000',TO_TIMESTAMP('20221025182040.333','yyyymmddhh24missxff'),NULL,'거래완료','/resources/images/post/post_img_08_1.png,/resources/images/post/post_img_08_2.png');
INSERT INTO post_tbl22 VALUES(post_sq.NEXTVAL,'ffff','D1104',11190,'한율 토너 나눔해요',0,'0',TO_TIMESTAMP('20221025182041.333','yyyymmddhh24missxff'),NULL,'거래완료','/resources/images/post/post_img_09.jpeg');
INSERT INTO post_tbl22 VALUES(post_sq.NEXTVAL,'gggg','F1106',11190,'강아지 목도리',5000,'5000',TO_TIMESTAMP('20221025182041.333','yyyymmddhh24missxff'),NULL,'거래완료','/resources/images/post/post_img_06.jpg');
INSERT INTO post_tbl22 VALUES(post_sq.NEXTVAL,'hhhh','E1105',11210,'빈티지다꾸용스티커나눔',0,'0',TO_TIMESTAMP('20221026182040.333','yyyymmddhh24missxff'),NULL,'거래완료','/resources/images/post/post_img_11.jpeg');
INSERT INTO post_tbl22 VALUES(post_sq.NEXTVAL,'iiii','A1101',11210,'게이밍의자 팔아요',70000,'70000',TO_TIMESTAMP('20221025182039.333','yyyymmddhh24missxff'),NULL,'거래완료','/resources/images/post/post_img_01.jpeg');
INSERT INTO post_tbl22 VALUES(post_sq.NEXTVAL,'jjjj','B1102',11220,'갤럭시 버즈 라이브 팔아요',70000,'70000',TO_TIMESTAMP('20221026182039.333','yyyymmddhh24missxff'),NULL,'거래완료','/resources/images/post/post_img_13.png');
INSERT INTO post_tbl22 VALUES(post_sq.NEXTVAL,'kkkk','F1106',11220,'강아지 양모자',8000,'8000',TO_TIMESTAMP('20221025182039.333','yyyymmddhh24missxff'),NULL,'거래완료','/resources/images/post/post_img_04.jpg');
INSERT INTO post_tbl22 VALUES(post_sq.NEXTVAL,'llll','D1104',11220,'달바멀티밤 나눔합니다',0,'0',TO_TIMESTAMP('20221026182041.333','yyyymmddhh24missxff'),NULL,'거래완료','/resources/images/post/post_img_15.jpeg');
INSERT INTO post_tbl22 VALUES(post_sq.NEXTVAL,'mmmm','F1106',11230,'강아지 양모자',8000,'8000',TO_TIMESTAMP('20221025182039.333','yyyymmddhh24missxff'),NULL,'거래완료','/resources/images/post/post_img_04.jpg');
INSERT INTO post_tbl22 VALUES(post_sq.NEXTVAL,'fourkimm','B1102',11230,'로지텍 마우스 중고',15000,'15000',TO_TIMESTAMP('20221026182040.333','yyyymmddhh24missxff'),NULL,'거래완료','/resources/images/post/post_img_17_1.png,/resources/images/post/post_img_17_2.png');
INSERT INTO post_tbl22 VALUES(post_sq.NEXTVAL,'ch11','C1103',11040,'여성 조끼 패딩',19000,'19000',TO_TIMESTAMP('20221026182041.333','yyyymmddhh24missxff'),NULL,'거래완료','/resources/images/post/post_img_18.png');
INSERT INTO post_tbl22 VALUES(post_sq.NEXTVAL,'yooda','B1102',11040,'정품 아이패드 팔아요',100000,'100000',TO_TIMESTAMP('20221026182039.333','yyyymmddhh24missxff'),NULL,'거래완료','/resources/images/post/post_img_19.png');
INSERT INTO post_tbl22 VALUES(post_sq.NEXTVAL,'guabaaa','B1102',11170,'중고 아이폰 6S 로즈골드 팝니다',50000,'50000',TO_TIMESTAMP('20221025182040.333','yyyymmddhh24missxff'),NULL,'거래완료','/resources/images/post/post_img_08_1.png,/resources/images/post/post_img_08_2.png');
INSERT INTO post_tbl22 VALUES(post_sq.NEXTVAL,'aaaa','A1101',11040,'게이밍의자 팔아요',70000,'70000',TO_TIMESTAMP('20221025182039.333','yyyymmddhh24missxff'),NULL,'거래완료','/resources/images/post/post_img_01.jpeg');
INSERT INTO post_tbl22 VALUES(post_sq.NEXTVAL,'bbbb','E1105',11040,'하울의 움직이는성 바이닐',50000,'50000',TO_TIMESTAMP('20221025182040.333','yyyymmddhh24missxff'),NULL,'거래완료','/resources/images/post/post_img_02.jpg');
INSERT INTO post_tbl22 VALUES(post_sq.NEXTVAL,'cccc','C1103',11050,'칼하트 뽀글이 후리스',120000,'120000',TO_TIMESTAMP('20221025182041.333','yyyymmddhh24missxff'),NULL,'거래완료','/resources/images/post/post_img_03.jpg');
INSERT INTO post_tbl22 VALUES(post_sq.NEXTVAL,'dddd','F1106',11050,'강아지 양모자',8000,'8000',TO_TIMESTAMP('20221025182039.333','yyyymmddhh24missxff'),NULL,'거래완료','/resources/images/post/post_img_04.jpg');
INSERT INTO post_tbl22 VALUES(post_sq.NEXTVAL,'eeee','E1105',11130,'미키마우스 턴테이블',55000,'55000',TO_TIMESTAMP('20221025182040.333','yyyymmddhh24missxff'),NULL,'거래완료','/resources/images/post/post_img_05.jpg');
INSERT INTO post_tbl22 VALUES(post_sq.NEXTVAL,'ffff','F1106',11130,'강아지 목도리',5000,'5000',TO_TIMESTAMP('20221025182041.333','yyyymmddhh24missxff'),NULL,'거래완료','/resources/images/post/post_img_06.jpg');
INSERT INTO post_tbl22 VALUES(post_sq.NEXTVAL,'gggg','C1103',11170,'가방 나눔해요',0,'0',TO_TIMESTAMP('20221025182039.333','yyyymmddhh24missxff'),NULL,'거래완료','/resources/images/post/post_img_07.jpeg');
INSERT INTO post_tbl22 VALUES(post_sq.NEXTVAL,'hhhh','B1102',11170,'중고 아이폰 6S 로즈골드 팝니다',50000,'50000',TO_TIMESTAMP('20221025182040.333','yyyymmddhh24missxff'),NULL,'거래완료','/resources/images/post/post_img_08_1.png,/resources/images/post/post_img_08_2.png');
INSERT INTO post_tbl22 VALUES(post_sq.NEXTVAL,'iiii','D1104',11190,'한율 토너 나눔해요',0,'0',TO_TIMESTAMP('20221025182041.333','yyyymmddhh24missxff'),NULL,'거래완료','/resources/images/post/post_img_09.jpeg');
INSERT INTO post_tbl22 VALUES(post_sq.NEXTVAL,'jjjj','F1106',11190,'강아지 목도리',5000,'5000',TO_TIMESTAMP('20221025182041.333','yyyymmddhh24missxff'),NULL,'거래완료','/resources/images/post/post_img_06.jpg');
INSERT INTO post_tbl22 VALUES(post_sq.NEXTVAL,'kkkk','E1105',11210,'빈티지다꾸용스티커나눔',0,'0',TO_TIMESTAMP('20221026182040.333','yyyymmddhh24missxff'),NULL,'거래완료','/resources/images/post/post_img_11.jpeg');
INSERT INTO post_tbl22 VALUES(post_sq.NEXTVAL,'llll','A1101',11210,'게이밍의자 팔아요',70000,'70000',TO_TIMESTAMP('20221025182039.333','yyyymmddhh24missxff'),NULL,'거래완료','/resources/images/post/post_img_01.jpeg');
INSERT INTO post_tbl22 VALUES(post_sq.NEXTVAL,'mmmm','B1102',11220,'갤럭시 버즈 라이브 팔아요',70000,'70000',TO_TIMESTAMP('20221026182039.333','yyyymmddhh24missxff'),NULL,'거래완료','/resources/images/post/post_img_13.png');
INSERT INTO post_tbl22 VALUES(post_sq.NEXTVAL,'fourkimm','F1106',11220,'강아지 양모자',8000,'8000',TO_TIMESTAMP('20221025182039.333','yyyymmddhh24missxff'),NULL,'거래완료','/resources/images/post/post_img_04.jpg');
INSERT INTO post_tbl22 VALUES(post_sq.NEXTVAL,'ch11','D1104',11220,'달바멀티밤 나눔합니다',0,'0',TO_TIMESTAMP('20221026182041.333','yyyymmddhh24missxff'),NULL,'거래완료','/resources/images/post/post_img_15.jpeg');
INSERT INTO post_tbl22 VALUES(post_sq.NEXTVAL,'yooda','F1106',11230,'강아지 양모자',8000,'8000',TO_TIMESTAMP('20221025182039.333','yyyymmddhh24missxff'),NULL,'거래완료','/resources/images/post/post_img_04.jpg');
INSERT INTO post_tbl22 VALUES(post_sq.NEXTVAL,'guabaaa','B1102',11230,'로지텍 마우스 중고',15000,'15000',TO_TIMESTAMP('20221026182040.333','yyyymmddhh24missxff'),NULL,'거래완료','/resources/images/post/post_img_17_1.png,/resources/images/post/post_img_17_2.png');
INSERT INTO post_tbl22 VALUES(post_sq.NEXTVAL,'aaaa','C1103',11040,'여성 조끼 패딩',19000,'19000',TO_TIMESTAMP('20221026182041.333','yyyymmddhh24missxff'),NULL,'거래완료','/resources/images/post/post_img_18.png');
INSERT INTO post_tbl22 VALUES(post_sq.NEXTVAL,'bbbb','B1102',11040,'정품 아이패드 팔아요',100000,'100000',TO_TIMESTAMP('20221026182039.333','yyyymmddhh24missxff'),NULL,'거래완료','/resources/images/post/post_img_19.png');
INSERT INTO post_tbl22 VALUES(post_sq.NEXTVAL,'cccc','B1102',11170,'중고 아이폰 6S 로즈골드 팝니다',50000,'50000',TO_TIMESTAMP('20221025182040.333','yyyymmddhh24missxff'),NULL,'거래완료','/resources/images/post/post_img_08_1.png,/resources/images/post/post_img_08_2.png');
INSERT INTO post_tbl22 VALUES(post_sq.NEXTVAL,'dddd','A1101',11040,'게이밍의자 팔아요',70000,'70000',TO_TIMESTAMP('20221025182039.333','yyyymmddhh24missxff'),NULL,'거래완료','/resources/images/post/post_img_01.jpeg');
INSERT INTO post_tbl22 VALUES(post_sq.NEXTVAL,'eeee','E1105',11040,'하울의 움직이는성 바이닐',50000,'50000',TO_TIMESTAMP('20221025182040.333','yyyymmddhh24missxff'),NULL,'거래완료','/resources/images/post/post_img_02.jpg');
INSERT INTO post_tbl22 VALUES(post_sq.NEXTVAL,'ffff','C1103',11050,'칼하트 뽀글이 후리스',120000,'120000',TO_TIMESTAMP('20221025182041.333','yyyymmddhh24missxff'),NULL,'거래완료','/resources/images/post/post_img_03.jpg');
INSERT INTO post_tbl22 VALUES(post_sq.NEXTVAL,'gggg','F1106',11050,'강아지 양모자',8000,'8000',TO_TIMESTAMP('20221025182039.333','yyyymmddhh24missxff'),NULL,'거래완료','/resources/images/post/post_img_04.jpg');
INSERT INTO post_tbl22 VALUES(post_sq.NEXTVAL,'hhhh','E1105',11130,'미키마우스 턴테이블',55000,'55000',TO_TIMESTAMP('20221025182040.333','yyyymmddhh24missxff'),NULL,'거래완료','/resources/images/post/post_img_05.jpg');
INSERT INTO post_tbl22 VALUES(post_sq.NEXTVAL,'iiii','F1106',11130,'강아지 목도리',5000,'5000',TO_TIMESTAMP('20221025182041.333','yyyymmddhh24missxff'),NULL,'거래완료','/resources/images/post/post_img_06.jpg');
INSERT INTO post_tbl22 VALUES(post_sq.NEXTVAL,'jjjj','C1103',11170,'가방 나눔해요',0,'0',TO_TIMESTAMP('20221025182039.333','yyyymmddhh24missxff'),NULL,'거래완료','/resources/images/post/post_img_07.jpeg');
INSERT INTO post_tbl22 VALUES(post_sq.NEXTVAL,'kkkk','B1102',11170,'중고 아이폰 6S 로즈골드 팝니다',50000,'50000',TO_TIMESTAMP('20221025182040.333','yyyymmddhh24missxff'),NULL,'거래완료','/resources/images/post/post_img_08_1.png,/resources/images/post/post_img_08_2.png');
INSERT INTO post_tbl22 VALUES(post_sq.NEXTVAL,'llll','D1104',11190,'한율 토너 나눔해요',0,'0',TO_TIMESTAMP('20221025182041.333','yyyymmddhh24missxff'),NULL,'거래완료','/resources/images/post/post_img_09.jpeg');
INSERT INTO post_tbl22 VALUES(post_sq.NEXTVAL,'mmmm','F1106',11190,'강아지 목도리',5000,'5000',TO_TIMESTAMP('20221025182041.333','yyyymmddhh24missxff'),NULL,'거래완료','/resources/images/post/post_img_06.jpg');
INSERT INTO post_tbl22 VALUES(post_sq.NEXTVAL,'fourkimm','E1105',11210,'빈티지다꾸용스티커나눔',0,'0',TO_TIMESTAMP('20221026182040.333','yyyymmddhh24missxff'),NULL,'거래완료','/resources/images/post/post_img_11.jpeg');
INSERT INTO post_tbl22 VALUES(post_sq.NEXTVAL,'ch11','A1101',11210,'게이밍의자 팔아요',70000,'70000',TO_TIMESTAMP('20221025182039.333','yyyymmddhh24missxff'),NULL,'거래완료','/resources/images/post/post_img_01.jpeg');
INSERT INTO post_tbl22 VALUES(post_sq.NEXTVAL,'yooda','B1102',11220,'갤럭시 버즈 라이브 팔아요',70000,'70000',TO_TIMESTAMP('20221026182039.333','yyyymmddhh24missxff'),NULL,'거래완료','/resources/images/post/post_img_13.png');
INSERT INTO post_tbl22 VALUES(post_sq.NEXTVAL,'guabaaa','F1106',11220,'강아지 양모자',8000,'8000',TO_TIMESTAMP('20221025182039.333','yyyymmddhh24missxff'),NULL,'거래완료','/resources/images/post/post_img_04.jpg');
INSERT INTO post_tbl22 VALUES(post_sq.NEXTVAL,'aaaa','D1104',11220,'달바멀티밤 나눔합니다',0,'0',TO_TIMESTAMP('20221026182041.333','yyyymmddhh24missxff'),NULL,'거래완료','/resources/images/post/post_img_15.jpeg');
INSERT INTO post_tbl22 VALUES(post_sq.NEXTVAL,'bbbb','F1106',11230,'강아지 양모자',8000,'8000',TO_TIMESTAMP('20221025182039.333','yyyymmddhh24missxff'),NULL,'거래완료','/resources/images/post/post_img_04.jpg');
INSERT INTO post_tbl22 VALUES(post_sq.NEXTVAL,'cccc','B1102',11230,'로지텍 마우스 중고',15000,'15000',TO_TIMESTAMP('20221026182040.333','yyyymmddhh24missxff'),NULL,'거래완료','/resources/images/post/post_img_17_1.png,/resources/images/post/post_img_17_2.png');
INSERT INTO post_tbl22 VALUES(post_sq.NEXTVAL,'dddd','C1103',11040,'여성 조끼 패딩',19000,'19000',TO_TIMESTAMP('20221026182041.333','yyyymmddhh24missxff'),NULL,'거래완료','/resources/images/post/post_img_18.png');
INSERT INTO post_tbl22 VALUES(post_sq.NEXTVAL,'eeee','B1102',11040,'정품 아이패드 팔아요',100000,'100000',TO_TIMESTAMP('20221026182039.333','yyyymmddhh24missxff'),NULL,'거래완료','/resources/images/post/post_img_19.png');
INSERT INTO post_tbl22 VALUES(post_sq.NEXTVAL,'ffff','B1102',11170,'중고 아이폰 6S 로즈골드 팝니다',50000,'50000',TO_TIMESTAMP('20221025182040.333','yyyymmddhh24missxff'),NULL,'거래완료','/resources/images/post/post_img_08_1.png,/resources/images/post/post_img_08_2.png');
INSERT INTO post_tbl22 VALUES(post_sq.NEXTVAL,'gggg','A1101',11040,'게이밍의자 팔아요',70000,'70000',TO_TIMESTAMP('20221025182039.333','yyyymmddhh24missxff'),NULL,'거래완료','/resources/images/post/post_img_01.jpeg');
INSERT INTO post_tbl22 VALUES(post_sq.NEXTVAL,'hhhh','E1105',11040,'하울의 움직이는성 바이닐',50000,'50000',TO_TIMESTAMP('20221025182040.333','yyyymmddhh24missxff'),NULL,'거래완료','/resources/images/post/post_img_02.jpg');
INSERT INTO post_tbl22 VALUES(post_sq.NEXTVAL,'iiii','C1103',11050,'칼하트 뽀글이 후리스',120000,'120000',TO_TIMESTAMP('20221025182041.333','yyyymmddhh24missxff'),NULL,'거래완료','/resources/images/post/post_img_03.jpg');
INSERT INTO post_tbl22 VALUES(post_sq.NEXTVAL,'jjjj','F1106',11050,'강아지 양모자',8000,'8000',TO_TIMESTAMP('20221025182039.333','yyyymmddhh24missxff'),NULL,'거래완료','/resources/images/post/post_img_04.jpg');
INSERT INTO post_tbl22 VALUES(post_sq.NEXTVAL,'kkkk','E1105',11130,'미키마우스 턴테이블',55000,'55000',TO_TIMESTAMP('20221025182040.333','yyyymmddhh24missxff'),NULL,'거래완료','/resources/images/post/post_img_05.jpg');
INSERT INTO post_tbl22 VALUES(post_sq.NEXTVAL,'llll','F1106',11130,'강아지 목도리',5000,'5000',TO_TIMESTAMP('20221025182041.333','yyyymmddhh24missxff'),NULL,'거래완료','/resources/images/post/post_img_06.jpg');
INSERT INTO post_tbl22 VALUES(post_sq.NEXTVAL,'mmmm','C1103',11170,'가방 나눔해요',0,'0',TO_TIMESTAMP('20221025182039.333','yyyymmddhh24missxff'),NULL,'거래완료','/resources/images/post/post_img_07.jpeg');
INSERT INTO post_tbl22 VALUES(post_sq.NEXTVAL,'fourkimm','B1102',11170,'중고 아이폰 6S 로즈골드 팝니다',50000,'50000',TO_TIMESTAMP('20221025182040.333','yyyymmddhh24missxff'),NULL,'거래완료','/resources/images/post/post_img_08_1.png,/resources/images/post/post_img_08_2.png');
INSERT INTO post_tbl22 VALUES(post_sq.NEXTVAL,'ch11','D1104',11190,'한율 토너 나눔해요',0,'0',TO_TIMESTAMP('20221025182041.333','yyyymmddhh24missxff'),NULL,'거래완료','/resources/images/post/post_img_09.jpeg');
INSERT INTO post_tbl22 VALUES(post_sq.NEXTVAL,'yooda','F1106',11190,'강아지 목도리',5000,'5000',TO_TIMESTAMP('20221025182041.333','yyyymmddhh24missxff'),NULL,'거래완료','/resources/images/post/post_img_06.jpg');
INSERT INTO post_tbl22 VALUES(post_sq.NEXTVAL,'guabaaa','E1105',11210,'빈티지다꾸용스티커나눔',0,'0',TO_TIMESTAMP('20221026182040.333','yyyymmddhh24missxff'),NULL,'거래완료','/resources/images/post/post_img_11.jpeg');
INSERT INTO post_tbl22 VALUES(post_sq.NEXTVAL,'aaaa','A1101',11210,'게이밍의자 팔아요',70000,'70000',TO_TIMESTAMP('20221025182039.333','yyyymmddhh24missxff'),NULL,'거래완료','/resources/images/post/post_img_01.jpeg');
INSERT INTO post_tbl22 VALUES(post_sq.NEXTVAL,'bbbb','B1102',11220,'갤럭시 버즈 라이브 팔아요',70000,'70000',TO_TIMESTAMP('20221026182039.333','yyyymmddhh24missxff'),NULL,'거래완료','/resources/images/post/post_img_13.png');
INSERT INTO post_tbl22 VALUES(post_sq.NEXTVAL,'cccc','F1106',11220,'강아지 양모자',8000,'8000',TO_TIMESTAMP('20221025182039.333','yyyymmddhh24missxff'),NULL,'거래완료','/resources/images/post/post_img_04.jpg');
INSERT INTO post_tbl22 VALUES(post_sq.NEXTVAL,'dddd','D1104',11220,'달바멀티밤 나눔합니다',0,'0',TO_TIMESTAMP('20221026182041.333','yyyymmddhh24missxff'),NULL,'거래완료','/resources/images/post/post_img_15.jpeg');
INSERT INTO post_tbl22 VALUES(post_sq.NEXTVAL,'eeee','F1106',11230,'강아지 양모자',8000,'8000',TO_TIMESTAMP('20221025182039.333','yyyymmddhh24missxff'),NULL,'거래완료','/resources/images/post/post_img_04.jpg');
INSERT INTO post_tbl22 VALUES(post_sq.NEXTVAL,'ffff','B1102',11230,'로지텍 마우스 중고',15000,'15000',TO_TIMESTAMP('20221026182040.333','yyyymmddhh24missxff'),NULL,'거래완료','/resources/images/post/post_img_17_1.png,/resources/images/post/post_img_17_2.png');
INSERT INTO post_tbl22 VALUES(post_sq.NEXTVAL,'gggg','C1103',11040,'여성 조끼 패딩',19000,'19000',TO_TIMESTAMP('20221026182041.333','yyyymmddhh24missxff'),NULL,'거래완료','/resources/images/post/post_img_18.png');
INSERT INTO post_tbl22 VALUES(post_sq.NEXTVAL,'hhhh','B1102',11040,'정품 아이패드 팔아요',100000,'100000',TO_TIMESTAMP('20221026182039.333','yyyymmddhh24missxff'),NULL,'거래완료','/resources/images/post/post_img_19.png');
INSERT INTO post_tbl22 VALUES(post_sq.NEXTVAL,'iiii','B1102',11170,'중고 아이폰 6S 로즈골드 팝니다',50000,'50000',TO_TIMESTAMP('20221025182040.333','yyyymmddhh24missxff'),NULL,'거래완료','/resources/images/post/post_img_08_1.png,/resources/images/post/post_img_08_2.png');
INSERT INTO post_tbl22 VALUES(post_sq.NEXTVAL,'jjjj','A1101',11040,'게이밍의자 팔아요',70000,'70000',TO_TIMESTAMP('20221025182039.333','yyyymmddhh24missxff'),NULL,'거래완료','/resources/images/post/post_img_01.jpeg');
INSERT INTO post_tbl22 VALUES(post_sq.NEXTVAL,'kkkk','E1105',11040,'하울의 움직이는성 바이닐',50000,'50000',TO_TIMESTAMP('20221025182040.333','yyyymmddhh24missxff'),NULL,'거래완료','/resources/images/post/post_img_02.jpg');
INSERT INTO post_tbl22 VALUES(post_sq.NEXTVAL,'llll','C1103',11050,'칼하트 뽀글이 후리스',120000,'120000',TO_TIMESTAMP('20221025182041.333','yyyymmddhh24missxff'),NULL,'거래완료','/resources/images/post/post_img_03.jpg');
INSERT INTO post_tbl22 VALUES(post_sq.NEXTVAL,'mmmm','F1106',11050,'강아지 양모자',8000,'8000',TO_TIMESTAMP('20221025182039.333','yyyymmddhh24missxff'),NULL,'거래완료','/resources/images/post/post_img_04.jpg');
INSERT INTO post_tbl22 VALUES(post_sq.NEXTVAL,'fourkimm','E1105',11130,'미키마우스 턴테이블',55000,'55000',TO_TIMESTAMP('20221025182040.333','yyyymmddhh24missxff'),NULL,'거래완료','/resources/images/post/post_img_05.jpg');
INSERT INTO post_tbl22 VALUES(post_sq.NEXTVAL,'ch11','F1106',11130,'강아지 목도리',5000,'5000',TO_TIMESTAMP('20221025182041.333','yyyymmddhh24missxff'),NULL,'거래완료','/resources/images/post/post_img_06.jpg');
INSERT INTO post_tbl22 VALUES(post_sq.NEXTVAL,'yooda','C1103',11170,'가방 나눔해요',0,'0',TO_TIMESTAMP('20221025182039.333','yyyymmddhh24missxff'),NULL,'거래완료','/resources/images/post/post_img_07.jpeg');
INSERT INTO post_tbl22 VALUES(post_sq.NEXTVAL,'guabaaa','B1102',11170,'중고 아이폰 6S 로즈골드 팝니다',50000,'50000',TO_TIMESTAMP('20221025182040.333','yyyymmddhh24missxff'),NULL,'거래완료','/resources/images/post/post_img_08_1.png,/resources/images/post/post_img_08_2.png');
INSERT INTO post_tbl22 VALUES(post_sq.NEXTVAL,'aaaa','D1104',11190,'한율 토너 나눔해요',0,'0',TO_TIMESTAMP('20221025182041.333','yyyymmddhh24missxff'),NULL,'거래완료','/resources/images/post/post_img_09.jpeg');
INSERT INTO post_tbl22 VALUES(post_sq.NEXTVAL,'bbbb','F1106',11190,'강아지 목도리',5000,'5000',TO_TIMESTAMP('20221025182041.333','yyyymmddhh24missxff'),NULL,'거래완료','/resources/images/post/post_img_06.jpg');
INSERT INTO post_tbl22 VALUES(post_sq.NEXTVAL,'cccc','E1105',11210,'빈티지다꾸용스티커나눔',0,'0',TO_TIMESTAMP('20221026182040.333','yyyymmddhh24missxff'),NULL,'거래완료','/resources/images/post/post_img_11.jpeg');
INSERT INTO post_tbl22 VALUES(post_sq.NEXTVAL,'dddd','A1101',11210,'게이밍의자 팔아요',70000,'70000',TO_TIMESTAMP('20221025182039.333','yyyymmddhh24missxff'),NULL,'거래완료','/resources/images/post/post_img_01.jpeg');
INSERT INTO post_tbl22 VALUES(post_sq.NEXTVAL,'eeee','B1102',11220,'갤럭시 버즈 라이브 팔아요',70000,'70000',TO_TIMESTAMP('20221026182039.333','yyyymmddhh24missxff'),NULL,'거래완료','/resources/images/post/post_img_13.png');
INSERT INTO post_tbl22 VALUES(post_sq.NEXTVAL,'ffff','F1106',11220,'강아지 양모자',8000,'8000',TO_TIMESTAMP('20221025182039.333','yyyymmddhh24missxff'),NULL,'거래완료','/resources/images/post/post_img_04.jpg');
INSERT INTO post_tbl22 VALUES(post_sq.NEXTVAL,'gggg','D1104',11220,'달바멀티밤 나눔합니다',0,'0',TO_TIMESTAMP('20221026182041.333','yyyymmddhh24missxff'),NULL,'거래완료','/resources/images/post/post_img_15.jpeg');
INSERT INTO post_tbl22 VALUES(post_sq.NEXTVAL,'hhhh','F1106',11230,'강아지 양모자',8000,'8000',TO_TIMESTAMP('20221025182039.333','yyyymmddhh24missxff'),NULL,'거래완료','/resources/images/post/post_img_04.jpg');
INSERT INTO post_tbl22 VALUES(post_sq.NEXTVAL,'iiii','B1102',11230,'로지텍 마우스 중고',15000,'15000',TO_TIMESTAMP('20221026182040.333','yyyymmddhh24missxff'),NULL,'거래완료','/resources/images/post/post_img_17_1.png,/resources/images/post/post_img_17_2.png');
INSERT INTO post_tbl22 VALUES(post_sq.NEXTVAL,'jjjj','C1103',11040,'여성 조끼 패딩',19000,'19000',TO_TIMESTAMP('20221026182041.333','yyyymmddhh24missxff'),NULL,'거래완료','/resources/images/post/post_img_18.png');
INSERT INTO post_tbl22 VALUES(post_sq.NEXTVAL,'kkkk','B1102',11040,'정품 아이패드 팔아요',100000,'100000',TO_TIMESTAMP('20221026182039.333','yyyymmddhh24missxff'),NULL,'거래완료','/resources/images/post/post_img_19.png');
INSERT INTO post_tbl22 VALUES(post_sq.NEXTVAL,'llll','B1102',11170,'중고 아이폰 6S 로즈골드 팝니다',50000,'50000',TO_TIMESTAMP('20221025182040.333','yyyymmddhh24missxff'),NULL,'거래완료','/resources/images/post/post_img_08_1.png,/resources/images/post/post_img_08_2.png');
INSERT INTO post_tbl22 VALUES(post_sq.NEXTVAL,'mmmm','A1101',11040,'게이밍의자 팔아요',70000,'70000',TO_TIMESTAMP('20221025182039.333','yyyymmddhh24missxff'),NULL,'거래완료','/resources/images/post/post_img_01.jpeg');
INSERT INTO post_tbl22 VALUES(post_sq.NEXTVAL,'fourkimm','E1105',11040,'하울의 움직이는성 바이닐',50000,'50000',TO_TIMESTAMP('20221025182040.333','yyyymmddhh24missxff'),NULL,'거래완료','/resources/images/post/post_img_02.jpg');
INSERT INTO post_tbl22 VALUES(post_sq.NEXTVAL,'ch11','C1103',11050,'칼하트 뽀글이 후리스',120000,'120000',TO_TIMESTAMP('20221025182041.333','yyyymmddhh24missxff'),NULL,'거래완료','/resources/images/post/post_img_03.jpg');
INSERT INTO post_tbl22 VALUES(post_sq.NEXTVAL,'yooda','F1106',11050,'강아지 양모자',8000,'8000',TO_TIMESTAMP('20221025182039.333','yyyymmddhh24missxff'),NULL,'거래완료','/resources/images/post/post_img_04.jpg');
INSERT INTO post_tbl22 VALUES(post_sq.NEXTVAL,'guabaaa','E1105',11130,'미키마우스 턴테이블',55000,'55000',TO_TIMESTAMP('20221025182040.333','yyyymmddhh24missxff'),NULL,'거래완료','/resources/images/post/post_img_05.jpg');
INSERT INTO post_tbl22 VALUES(post_sq.NEXTVAL,'aaaa','F1106',11130,'강아지 목도리',5000,'5000',TO_TIMESTAMP('20221025182041.333','yyyymmddhh24missxff'),NULL,'거래완료','/resources/images/post/post_img_06.jpg');
INSERT INTO post_tbl22 VALUES(post_sq.NEXTVAL,'bbbb','C1103',11170,'가방 나눔해요',0,'0',TO_TIMESTAMP('20221025182039.333','yyyymmddhh24missxff'),NULL,'거래완료','/resources/images/post/post_img_07.jpeg');
INSERT INTO post_tbl22 VALUES(post_sq.NEXTVAL,'cccc','B1102',11170,'중고 아이폰 6S 로즈골드 팝니다',50000,'50000',TO_TIMESTAMP('20221025182040.333','yyyymmddhh24missxff'),NULL,'거래완료','/resources/images/post/post_img_08_1.png,/resources/images/post/post_img_08_2.png');
INSERT INTO post_tbl22 VALUES(post_sq.NEXTVAL,'dddd','D1104',11190,'한율 토너 나눔해요',0,'0',TO_TIMESTAMP('20221025182041.333','yyyymmddhh24missxff'),NULL,'거래완료','/resources/images/post/post_img_09.jpeg');
INSERT INTO post_tbl22 VALUES(post_sq.NEXTVAL,'eeee','F1106',11190,'강아지 목도리',5000,'5000',TO_TIMESTAMP('20221025182041.333','yyyymmddhh24missxff'),NULL,'거래완료','/resources/images/post/post_img_06.jpg');
INSERT INTO post_tbl22 VALUES(post_sq.NEXTVAL,'ffff','E1105',11210,'빈티지다꾸용스티커나눔',0,'0',TO_TIMESTAMP('20221026182040.333','yyyymmddhh24missxff'),NULL,'거래완료','/resources/images/post/post_img_11.jpeg');
INSERT INTO post_tbl22 VALUES(post_sq.NEXTVAL,'gggg','A1101',11210,'게이밍의자 팔아요',70000,'70000',TO_TIMESTAMP('20221025182039.333','yyyymmddhh24missxff'),NULL,'거래완료','/resources/images/post/post_img_01.jpeg');
INSERT INTO post_tbl22 VALUES(post_sq.NEXTVAL,'hhhh','B1102',11220,'갤럭시 버즈 라이브 팔아요',70000,'70000',TO_TIMESTAMP('20221026182039.333','yyyymmddhh24missxff'),NULL,'거래완료','/resources/images/post/post_img_13.png');
INSERT INTO post_tbl22 VALUES(post_sq.NEXTVAL,'iiii','F1106',11220,'강아지 양모자',8000,'8000',TO_TIMESTAMP('20221025182039.333','yyyymmddhh24missxff'),NULL,'거래완료','/resources/images/post/post_img_04.jpg');
INSERT INTO post_tbl22 VALUES(post_sq.NEXTVAL,'jjjj','D1104',11220,'달바멀티밤 나눔합니다',0,'0',TO_TIMESTAMP('20221026182041.333','yyyymmddhh24missxff'),NULL,'거래완료','/resources/images/post/post_img_15.jpeg');
INSERT INTO post_tbl22 VALUES(post_sq.NEXTVAL,'kkkk','F1106',11230,'강아지 양모자',8000,'8000',TO_TIMESTAMP('20221025182039.333','yyyymmddhh24missxff'),NULL,'거래완료','/resources/images/post/post_img_04.jpg');
INSERT INTO post_tbl22 VALUES(post_sq.NEXTVAL,'llll','B1102',11230,'로지텍 마우스 중고',15000,'15000',TO_TIMESTAMP('20221026182040.333','yyyymmddhh24missxff'),NULL,'거래완료','/resources/images/post/post_img_17_1.png,/resources/images/post/post_img_17_2.png');
INSERT INTO post_tbl22 VALUES(post_sq.NEXTVAL,'mmmm','C1103',11040,'여성 조끼 패딩',19000,'19000',TO_TIMESTAMP('20221026182041.333','yyyymmddhh24missxff'),NULL,'거래완료','/resources/images/post/post_img_18.png');
INSERT INTO post_tbl22 VALUES(post_sq.NEXTVAL,'fourkimm','B1102',11040,'정품 아이패드 팔아요',100000,'100000',TO_TIMESTAMP('20221026182039.333','yyyymmddhh24missxff'),NULL,'거래완료','/resources/images/post/post_img_19.png');
INSERT INTO post_tbl22 VALUES(post_sq.NEXTVAL,'ch11','B1102',11170,'중고 아이폰 6S 로즈골드 팝니다',50000,'50000',TO_TIMESTAMP('20221025182040.333','yyyymmddhh24missxff'),NULL,'거래완료','/resources/images/post/post_img_08_1.png,/resources/images/post/post_img_08_2.png');
INSERT INTO post_tbl22 VALUES(post_sq.NEXTVAL,'yooda','A1101',11040,'게이밍의자 팔아요',70000,'70000',TO_TIMESTAMP('20221025182039.333','yyyymmddhh24missxff'),NULL,'거래완료','/resources/images/post/post_img_01.jpeg');
INSERT INTO post_tbl22 VALUES(post_sq.NEXTVAL,'guabaaa','E1105',11040,'하울의 움직이는성 바이닐',50000,'50000',TO_TIMESTAMP('20221025182040.333','yyyymmddhh24missxff'),NULL,'거래완료','/resources/images/post/post_img_02.jpg');
INSERT INTO post_tbl22 VALUES(post_sq.NEXTVAL,'aaaa','C1103',11050,'칼하트 뽀글이 후리스',120000,'120000',TO_TIMESTAMP('20221025182041.333','yyyymmddhh24missxff'),NULL,'거래완료','/resources/images/post/post_img_03.jpg');
INSERT INTO post_tbl22 VALUES(post_sq.NEXTVAL,'bbbb','F1106',11050,'강아지 양모자',8000,'8000',TO_TIMESTAMP('20221025182039.333','yyyymmddhh24missxff'),NULL,'거래완료','/resources/images/post/post_img_04.jpg');
INSERT INTO post_tbl22 VALUES(post_sq.NEXTVAL,'cccc','E1105',11130,'미키마우스 턴테이블',55000,'55000',TO_TIMESTAMP('20221025182040.333','yyyymmddhh24missxff'),NULL,'거래완료','/resources/images/post/post_img_05.jpg');
INSERT INTO post_tbl22 VALUES(post_sq.NEXTVAL,'dddd','F1106',11130,'강아지 목도리',5000,'5000',TO_TIMESTAMP('20221025182041.333','yyyymmddhh24missxff'),NULL,'거래완료','/resources/images/post/post_img_06.jpg');
INSERT INTO post_tbl22 VALUES(post_sq.NEXTVAL,'eeee','C1103',11170,'가방 나눔해요',0,'0',TO_TIMESTAMP('20221025182039.333','yyyymmddhh24missxff'),NULL,'거래완료','/resources/images/post/post_img_07.jpeg');
INSERT INTO post_tbl22 VALUES(post_sq.NEXTVAL,'ffff','B1102',11170,'중고 아이폰 6S 로즈골드 팝니다',50000,'50000',TO_TIMESTAMP('20221025182040.333','yyyymmddhh24missxff'),NULL,'거래완료','/resources/images/post/post_img_08_1.png,/resources/images/post/post_img_08_2.png');
INSERT INTO post_tbl22 VALUES(post_sq.NEXTVAL,'gggg','D1104',11190,'한율 토너 나눔해요',0,'0',TO_TIMESTAMP('20221025182041.333','yyyymmddhh24missxff'),NULL,'거래완료','/resources/images/post/post_img_09.jpeg');
INSERT INTO post_tbl22 VALUES(post_sq.NEXTVAL,'hhhh','F1106',11190,'강아지 목도리',5000,'5000',TO_TIMESTAMP('20221025182041.333','yyyymmddhh24missxff'),NULL,'거래완료','/resources/images/post/post_img_06.jpg');
